model,emscad_test_f1,emscad_test_precision,emscad_test_recall,threshold,openbay_recall,openbay_mean_prob,openbay_median_prob
random_forest,0.7804878048780488,0.7777777777777778,0.7832167832167832,0.24000000000000002,1.0,0.4430981666666667,0.44666666666666666
